{
  "train_loss": [
    2.0029569125808444,
    1.3346763617169541,
    1.0992834072197433,
    0.9695474373555817,
    0.8752265778263059,
    0.8223799809945368,
    0.7772772676121872,
    0.7442732669610893,
    0.7049234182433745,
    0.6771757578955288,
    0.6122140029890347,
    0.5997851699326946,
    0.5977608946572363,
    0.5898661916762327,
    0.5884426845385965
  ],
  "val_loss": [
    1.5302395545519316,
    1.2122174409719615,
    0.9909178477067214,
    0.942063583777501,
    0.8486101260552039,
    0.8046094316702622,
    0.7819247750135568,
    0.799722854907696,
    0.7125784984001746,
    0.6735584827569815,
    0.6328699244902685,
    0.6255158140109136,
    0.6187980793989621,
    0.6098549411847041,
    0.602137593122629
  ],
  "lr": [
    0.005,
    0.005,
    0.005,
    0.005,
    0.005,
    0.005,
    0.005,
    0.005,
    0.005,
    0.0005,
    0.0005,
    0.0005,
    0.0005,
    0.0005,
    0.0005
  ]
}